<?xml version="1.0" encoding="UTF-8"?>
<project-private xmlns="http://www.netbeans.org/ns/project-private/1">
    <editor-bookmarks xmlns="http://www.netbeans.org/ns/editor-bookmarks/2" lastBookmarkId="0"/>
    <open-files xmlns="http://www.netbeans.org/ns/projectui-open-files/2">
        <group>
            <file>file:/C:/Users/Personal/Desktop/MySynopsis/src/mysynopsis/JSONInit.java</file>
            <file>file:/C:/Users/Personal/Desktop/MySynopsis/src/mysynopsis/Frames.java</file>
            <file>file:/C:/Users/Personal/Desktop/MySynopsis/src/mysynopsis/JSONReader.java</file>
            <file>file:/C:/Users/Personal/Desktop/MySynopsis/src/mysynopsis/HTMLWriter.java</file>
            <file>file:/C:/Users/Personal/Desktop/MySynopsis/src/mysynopsis/FTPUploader.java</file>
            <file>file:/C:/Users/Personal/Desktop/MySynopsis/src/mysynopsis/ImageProcess.java</file>
            <file>file:/C:/Users/Personal/Desktop/MySynopsis/src/mysynopsis/MySynopsis.java</file>
            <file>file:/C:/Users/Personal/Desktop/MySynopsis/src/mysynopsis/JSONWriter.java</file>
            <file>file:/C:/Users/Personal/Desktop/MySynopsis/src/mysynopsis/PreviewPage.java</file>
        </group>
    </open-files>
</project-private>
