{"Office":"SAC931","Designation":"Lecturer","Email":"adnan.firoze@northsouth.edu","Professional Experience:":["Profession 1: ","Profession 2: "],"Bio":"","Resume_Link":"http:\/\/linkedin.com","Name":"Adnan Firoze","Department":"Electrical & Computer Engineering","University":"North South University, Bangladesh","Education":["College: Notre Dame College,Dhaka.","Bsc. in Computer Science & Engineering: North South University","Msc. in Computer Science & Engineering: Columbia University, NY"],"Phone":"016666666","Ohours":"ST 12-1PM, MW 1-2.30PM","Honors & Awards:":["Award 1: ","Award 2: "]}